"Участок,ФИО судьи,Адрес,Телефон,Район,""Сотрудник"",Почта"
"1,НИКИТИНА  Татьяна Михайловна,""ул. Садовая, д.55-57, литера А, Санкт-Петербург, 190068 "",""2462631, "",АДМИРАЛТЕЙСКИЙ,Гусева Инна Александровна,guseva@zakon.gov.spb.ru"
"2,КОМАРОВ  Александр Анатольевич,""ул. Садовая, д.55-57, литера А, Санкт-Петербург,190068 "",""2462632, 2462633"",АДМИРАЛТЕЙСКИЙ,Гусева Инна Александровна,guseva@zakon.gov.spb.ru"
"3, СЛОНОВА  Елена Александровна ,""ул. Садовая, д.55-57, литера А, Санкт-Петербург,190068 "",""2462634, 2462635"",АДМИРАЛТЕЙСКИЙ,Гусева Инна Александровна,guseva@zakon.gov.spb.ru"
"4,ЕВДОКИМОВА  Ирина Сергеевна,""ул. Садовая, д.55-57, литера А, Санкт-Петербург,190068 "",""2462637, "",АДМИРАЛТЕЙСКИЙ,Гусева Инна Александровна,guseva@zakon.gov.spb.ru"
"5,НИКИТЕНКО  София Алексеевна,""наб. Обводного канала, д.132, литера Е,          Санкт-Петербург, 198095 "",""2415127, "",АДМИРАЛТЕЙСКИЙ,Гусева Инна Александровна,guseva@zakon.gov.spb.ru"
"6,ТКАЧЕНКО  Екатерина Владимировна,""наб. Обводного канала, д.132, литера Е,       Санкт-Петербург, 198095 "",""2415125, 2415124"",АДМИРАЛТЕЙСКИЙ,Гусева Инна Александровна,guseva@zakon.gov.spb.ru"
"7,БЕСШАПОШНИКОВА Ольга Игоревна ,""наб. Обводного канала, д. 132, литера Е, Санкт-Петербург, 198095 "",""2415156, 2415129"",ЦЕНТРАЛЬНЫЙ,Гусева Инна Александровна,guseva@zakon.gov.spb.ru"
"8,ЕРМАКОВА  Яна Сергеевна,""наб. Обводного канала, д.132, литера Е,      Санкт-Петербург, 198095 "",""2415121, 2415122"",АДМИРАЛТЕЙСКИЙ,Гусева Инна Александровна,guseva@zakon.gov.spb.ru"
"9,КРАСНОВА Наталья Евгеньевна,""наб. Обводного канала, д.132, литера Е, Санкт-Петербург, 198095 "",""2415119, 2415146"",АДМИРАЛТЕЙСКИЙ,Гусева Инна Александровна,guseva@zakon.gov.spb.ru"
"10,УШАКОВА Ирина Анатольевна ,""наб. Обводного канала, д.132, литера Е, Санкт-Петербург, 198095 "",""2415155, 2415120"",АДМИРАЛТЕЙСКИЙ,Гусева Инна Александровна,guseva@zakon.gov.spb.ru"
"11,ЛЮБИМОВА Елена Леонидовна,""4-я линия В.О., д.35-37, литера А, Санкт-Петербург, 199004"",""2466827, 2466825"",ВАСИЛЕОСТРОВСКИЙ,Гусева Инна Александровна,guseva@zakon.gov.spb.ru"
"12,ВОРОБЬЕВ Валерий Андреевич,""Биржевая линия д. 1/1, литера Ж, Санкт-Петербург, 199034"",""2466805, 2466806"",ВАСИЛЕОСТРОВСКИЙ,Гусева Инна Александровна,guseva@zakon.gov.spb.ru"
"13,ЛАЗАРЕВА Антонина Григорьевна,""4-я линия В.О., д.21, литера А, Санкт-Петербург, 199004"",""2466821, "",ВАСИЛЕОСТРОВСКИЙ,Гусева Инна Александровна,guseva@zakon.gov.spb.ru"
"14,РАССКАЗОВА Анастасия Алексеевна,""В.О. пер. Декабристов д. 8, литера А, Санкт-Петербург, 199155"",""4098124, 4098123"",ВАСИЛЕОСТРОВСКИЙ,Гусева Инна Александровна,guseva@zakon.gov.spb.ru"
"15,КИРОВА Наталья Александровна,""7-я линия В.О., д.60, литера А, Санкт-Петербург, 199004"",""2466831, "",ВАСИЛЕОСТРОВСКИЙ,Гусева Инна Александровна,guseva@zakon.gov.spb.ru"
"16,СВЕТЛАКОВА Елена Андреевна,""17-я линия В.О., д.8, лит. Б, Санкт-Петербург, 199034"",""2466867, 3214063"",ВАСИЛЕОСТРОВСКИЙ,Гусева Инна Александровна,guseva@zakon.gov.spb.ru"
"17,ЕВСТИГНЕЕВА Ольга Николаевна,""В.О., пр.Кима, д. 7/19, Санкт-Петербург, 199155"",""2465942, "",ВАСИЛЕОСТРОВСКИЙ,Гусева Инна Александровна,guseva@zakon.gov.spb.ru"
"18,ЛЕВКО Анна Михайловна,""15-я линия В.О., д.86, литера В, Санкт-Петербург, 199178"",""2466834, 3231524"",ВАСИЛЕОСТРОВСКИЙ,Гусева Инна Александровна,guseva@zakon.gov.spb.ru"
"19,МЕДВЕДЕВА Вера Сергеевна,""ул. Маршала Новикова, д. 13, лит.А, Санкт-Петербург, 197349"",""2460726, 2460727"",ПРИМОРСКИЙ,Гусева Инна Александровна,guseva@zakon.gov.spb.ru"
"20,ПЕСОЦКАЯ Яна Александровна,""Биржевая линия д. 1/1, литера Ж, "",""2466810, "",ВАСИЛЕОСТРОВСКИЙ,Гусева Инна Александровна,guseva@zakon.gov.spb.ru"
"21,ПОЛУХИНА Юлия Владимировна,""Суздальский пр., д. 11, литера А, Санкт-Петербург,194355"",""2465359, 2465357"",ВЫБОРГСКИЙ,Гусева Инна Александровна,guseva@zakon.gov.spb.ru"
"22,СПЕРАНСКАЯ Светлана Александровна,""Светлановский пр., д. 21, Санкт-Петербург,194223"",""2465479, "",ВЫБОРГСКИЙ,Гусева Инна Александровна,guseva@zakon.gov.spb.ru"
"23,КУЛАБУХОВА Ирина Геннадьевна,""Светлановский пр., д. 21, Санкт-Петербург,194223"",""2465486, "",ВЫБОРГСКИЙ,Гусева Инна Александровна,guseva@zakon.gov.spb.ru"
"24,ВЕРШКОВА Юлия Сергеевна,""Светлановский пр., д. 21, Санкт-Петербург,194223"",""2465490, "",ВЫБОРГСКИЙ,Гусева Инна Александровна,guseva@zakon.gov.spb.ru"
"25,СУЗИ Ольга Юрьевна,""Светлановский пр., д. 21, Санкт-Петербург,194223"",""2465483, "",ВЫБОРГСКИЙ,Гусева Инна Александровна,guseva@zakon.gov.spb.ru"
"26,ОСИПОВА Наталья Николаевна,""Светлановский пр., д. 21, Санкт-Петербург,194223"",""2465476, 2465477"",ВЫБОРГСКИЙ,Гусева Инна Александровна,guseva@zakon.gov.spb.ru"
"27,ТУЛУЗАКОВА Ольга Васильевна,""пр. М. Тореза, д. 34, литера А, Санкт-Петербург,194022"",2465363,ВЫБОРГСКИЙ,Гусева Инна Александровна,guseva@zakon.gov.spb.ru"
"28,  ГОРДОН Ирина Александровна,""пр. М. Тореза, д. 34, литера А,Санкт-Петербург,194020 "",2465366,ВЫБОРГСКИЙ,Гусева Инна Александровна,guseva@zakon.gov.spb.ru"
"29,МИЩУК Ирина Александровна,""Светлановский пр., д. 21,Санкт-Петербург,194223 "",""5524555, 2465480"",ВЫБОРГСКИЙ,Гусева Инна Александровна,guseva@zakon.gov.spb.ru"
"30,НОВИКОВА Юлия Михайловна,""ул. Есенина, д. 7, литера А,Санкт-Петербург,194354 "",""2465465, 2465460"",ВЫБОРГСКИЙ,Гусева Инна Александровна,guseva@zakon.gov.spb.ru"
"31,ПОЛЯКОВА  Ирина Михайловна,""ул. Гданьская, д. 7,Санкт-Петербург,194017 "",""2466884, 2466886"",ВЫБОРГСКИЙ,Гусева Инна Александровна,guseva@zakon.gov.spb.ru"
"32,ГОРБАТОВА Анна Николаевна,""ул. Есенина, д. 7, литера А,Санкт-Петербург,194354 "",2465469,ВЫБОРГСКИЙ,Гусева Инна Александровна,guseva@zakon.gov.spb.ru"
"33,КРОТОВА Ирина Анатольевна,""пр. М. Тореза, д. 34, литера А,Санкт-Петербург,194021 "",2465456,ВЫБОРГСКИЙ,Гусева Инна Александровна,guseva@zakon.gov.spb.ru"
"34,НОВИКОВА Наталья Викторовна,""пр. Энгельса, д. 17, Санкт-Петербург, 194156"",""4098149, 4098150"",ВЫБОРГСКИЙ,Гусева Инна Александровна,guseva@zakon.gov.spb.ru"
"35,КУРАСОВА Елена Тимофеевна,""пр. Энгельса, д. 17, Санкт-Петербург, 194156"",""4098146, 4098147"",ВЫБОРГСКИЙ,Гусева Инна Александровна,guseva@zakon.gov.spb.ru"
"36,ШУБИНА Светлана Геннадьевна,""ул. Есенина, д. 7, литера А,Санкт-Петербург,194354 "",2465465,ВЫБОРГСКИЙ,Гусева Инна Александровна,guseva@zakon.gov.spb.ru"
"37,ВОДОМЕРОВ Алексей Александрович,""Светлановский пр., д. 21, Санкт-Петербург,194223"",""2465474, 2465947"",ВЫБОРГСКИЙ,Гусева Инна Александровна,guseva@zakon.gov.spb.ru"
"38,ТРУСКАЛЕНКО Елизавета Сергеевна,""ул. Есенина, д. 7, литера А, Санкт-Петербург,194354"",""2465468, 2465466"",ВЫБОРГСКИЙ,Гусева Инна Александровна,guseva@zakon.gov.spb.ru"
"39,ЕВГЕНЬЕВА Ирина Игоревна,""Кондратьевский пр., д. 24, литера А, Санкт-Петербург, 195197"",""2412361, 2412369"",КАЛИНИНСКИЙ,Белоусова Татьяна Валерьевна,belousova@zakon.gov.spb.ru"
"40,КУЗИНА  Александра Эдуардовна,""ул. Садовая, д.55-57, литера А, Санкт-Петербург,190068 "",""2462638, 3102970"",АДМИРАЛТЕЙСКИЙ,Белоусова Татьяна Валерьевна,belousova@zakon.gov.spb.ru"
"41,АРХИПОВА Ирина Ивановна,""Кондратьевский пр., д. 24, литера А, Санкт-Петербург, 195197"",""2412351, 2412951"",КАЛИНИНСКИЙ,Белоусова Татьяна Валерьевна,belousova@zakon.gov.spb.ru"
"42,ЛИСИЦЫНА Ольга Владимировна,""Кондратьевский пр., д. 24, литера А, Санкт-Петербург, 195197"",""2412362, 2412952"",КАЛИНИНСКИЙ,Белоусова Татьяна Валерьевна,belousova@zakon.gov.spb.ru"
"43,НОВИКОВА Ирина Сергеевна,""Кондратьевский пр., д. 24, литера А, Санкт-Петербург, 195197"",""2412353, 2412373"",КАЛИНИНСКИЙ,Белоусова Татьяна Валерьевна,belousova@zakon.gov.spb.ru"
"44,ПАВЛОВА Людмила Петровна,""Кондратьевский пр., д. 24, литера А, Санкт-Петербург, 195197"",2412384,КАЛИНИНСКИЙ,Белоусова Татьяна Валерьевна,belousova@zakon.gov.spb.ru"
"45,ТУЧКОВА  Татьяна Анатольевна,""ул. Милионная, д. 21, литера А,  Санкт-Петербург, 191186"",""5704581, 2466890"",ЦЕНТРАЛЬНЫЙ,Белоусова Татьяна Валерьевна,belousova@zakon.gov.spb.ru"
"46,МЕНЬШИКОВА Ирина Юрьевна,""Кондратьевский пр., д. 24, литера А, Санкт-Петербург, 195197"",""2412366, 2412356"",КАЛИНИНСКИЙ,Белоусова Татьяна Валерьевна,belousova@zakon.gov.spb.ru"
"47,ИСКАКОВА Мария Шамильевна ,""Кондратьевский пр., д. 24, литера А, Санкт-Петербург, 195197 "",""2412378, 2412347"",КАЛИНИНСКИЙ,Белоусова Татьяна Валерьевна,belousova@zakon.gov.spb.ru"
"48,ГОЛОВА Екатерина Александровна,""Кондратьевский пр., д. 24, литера А, Санкт-Петербург, 195197"",""2412358, 2412348"",КАЛИНИНСКИЙ,Белоусова Татьяна Валерьевна,belousova@zakon.gov.spb.ru"
"49,ЛЕВИНА  Екатерина Витальевна,""Кондратьевский пр., д. 24, литера А, Санкт-Петербург, 195197"",""2412349, 2412990"",КАЛИНИНСКИЙ,Белоусова Татьяна Валерьевна,belousova@zakon.gov.spb.ru"
"50,ДАНИЛОВ Юрий Валерьянович,""Кондратьевский пр., д. 24, литера А, Санкт-Петербург, 195197"",""2412350, 2465919"",КАЛИНИНСКИЙ,Белоусова Татьяна Валерьевна,belousova@zakon.gov.spb.ru"
"51,КАЙНОВА Рафиса Рафисовна,""ул. Тимуровская, д. 8, корп. 1, литера Б, Санкт-Петербург,195276"",""4976228, 4976229"",КАЛИНИНСКИЙ,Белоусова Татьяна Валерьевна,belousova@zakon.gov.spb.ru"
"52,МАКАРОВА Маргарита Геннадьевна,""Кондратьевский пр., д. 24, литера А,Санкт-Петербург, 195197 "",""2412352, 2412392"",КАЛИНИНСКИЙ,Белоусова Татьяна Валерьевна,belousova@zakon.gov.spb.ru"
"53,ПАВЛЫЧЕВА Юлия Алексеевна,""ул. Тимуровская, д. 8, корп. 1, литера Б, Санкт-Петербург,195276"",""2466859, 2465857"",КАЛИНИНСКИЙ,Белоусова Татьяна Валерьевна,belousova@zakon.gov.spb.ru"
"54,ШАРОНОВА Наталья Витальевна,""Кондратьевский пр., д. 24, литера А, Санкт-Петербург, 195197"",""2412354, 2412383"",КАЛИНИНСКИЙ,Белоусова Татьяна Валерьевна,belousova@zakon.gov.spb.ru"
"55,КУЗНЕЦОВА Валерия Александровна,""Кондратьевский пр., д. 24, литера А, Санкт-Петербург, 195197"",""2412355, 2412365"",КАЛИНИНСКИЙ,Белоусова Татьяна Валерьевна,belousova@zakon.gov.spb.ru"
"56,ЛОПАТИНА Ирина Александровна,""ул. Тимуровская, д. 8, корп. 1, литера Б, Санкт-Петербург,195276"",""2466858, 2465854"",КАЛИНИНСКИЙ,Белоусова Татьяна Валерьевна,belousova@zakon.gov.spb.ru"
"57,ДАВЫДОВА Анна Михайловна,""Кондратьевский пр., д. 24, литера А, Санкт-Петербург, 195197 "",""2412357, 2412367"",КАЛИНИНСКИЙ,Белоусова Татьяна Валерьевна,belousova@zakon.gov.spb.ru"
"58,МАГЕР Татьяна Владимировна,""ул. Возрождения, д. 13, литера А, Санкт-Петербург,198188"",""2465392, 2465401"",КИРОВСКИЙ,Белоусова Татьяна Валерьевна,belousova@zakon.gov.spb.ru"
"59,ТАКУШИНОВА  Ирина Мухамедовна,""пр. Стачек, д. 105, корп. 1, литера Б,  Санкт-Петербург, 198303"",""2415100, 2415102"",МОСКОВСКИЙ,Белоусова Татьяна Валерьевна,belousova@zakon.gov.spb.ru"
"60,ВАСИЛЬЕВА Светлана Геннадьевна,""ул. Стойкости, д. 30, корп. 1, Санкт-Петербург,198261"",""2466848, 2466849"",КИРОВСКИЙ,Белоусова Татьяна Валерьевна,belousova@zakon.gov.spb.ru"
"61,ЛОСЕВА Александра Гедальевна,""ул. Возрождения, д. 13, литера А, Санкт-Петербург,198188"",""2465398, 2465396"",КИРОВСКИЙ,Белоусова Татьяна Валерьевна,belousova@zakon.gov.spb.ru"
"62,ЛЕУШИНА Светлана Дмитриевна,""пр. Стачек, д. 105, корп. 1, литера Б, Санкт-Петербург,198303"",""2415103, 2415108"",КИРОВСКИЙ,Белоусова Татьяна Валерьевна,belousova@zakon.gov.spb.ru"
"63,КАКИНЬ Игорь Юльянович,""пр. Стачек, д. 105, корп. 1, литера Б, Санкт-Петербург,198303"",""2415104, 2415107"",КИРОВСКИЙ,Белоусова Татьяна Валерьевна,belousova@zakon.gov.spb.ru"
"64,СУХАРНИКОВА Ирина Ивановна,""пр. Стачек, д. 105, корп. 1, литера Б, Санкт-Петербург,198303"",""2415105, 2415109"",КИРОВСКИЙ,Белоусова Татьяна Валерьевна,belousova@zakon.gov.spb.ru"
"65,ОСЕТРОВА Татьяна Юрьевна,""ул. Двинская, д. 14,   Санкт-Петербург,198035"",""2465371, 2465375"",КИРОВСКИЙ,Белоусова Татьяна Валерьевна,belousova@zakon.gov.spb.ru"
"66,ЦЫГАНОВА Татьяна Аллеговна,""пр. Стачек, д. 105, корп. 1, литера Б, Санкт-Петербург,198303"",""2415110, 2415101"",КИРОВСКИЙ,Белоусова Татьяна Валерьевна,belousova@zakon.gov.spb.ru"
"67,ПАРШИКОВ Александр Михайлович,""ул. Двинская, д. 14, Санкт-Петербург,198035"",""2465368, 2465378"",КИРОВСКИЙ,Белоусова Татьяна Валерьевна,belousova@zakon.gov.spb.ru"
"68,НАЗАРОВА Ирина Александровна,""ул. Возрождения, д. 13, литера А, Санкт-Петербург,198188"",""2465383, 2465399"",КИРОВСКИЙ,Белоусова Татьяна Валерьевна,belousova@zakon.gov.spb.ru"
"69,ДОНСКАЯ Виктория Владимировна,""ул. Двинская, д. 14, Санкт-Петербург,198035"",""2465377, 2465373"",КИРОВСКИЙ,Белоусова Татьяна Валерьевна,belousova@zakon.gov.spb.ru"
"70,ЧИРКОВА Ольга Валентиновна,""ул. Возрождения, д. 13, литера А, Санкт-Петербург,198188"",""2465385, 2465386"",КИРОВСКИЙ,Белоусова Татьяна Валерьевна,belousova@zakon.gov.spb.ru"
"71,САФРЮК Виорика Васильевна,""ул. Возрождения, д. 13, литера А, Санкт-Петербург,198188 "",""2465359, 2465900"",КИРОВСКИЙ,Белоусова Татьяна Валерьевна,belousova@zakon.gov.spb.ru"
"72,МИНОСЯН Карина Львовна,""ул. Двинская, д. 14, Санкт-Петербург,198035 "","", 2465370"",КИРОВСКИЙ,Белоусова Татьяна Валерьевна,belousova@zakon.gov.spb.ru"
"73,МОРОЗОВА Ольга Владимировна,""Бульвар Трудящихся, д. 29/52, литера А, г. Колпино, Санкт-Петербург, 196657"",""2465220, 2465221"",КОЛПИНСКИЙ,Белоусова Татьяна Валерьевна,belousova@zakon.gov.spb.ru"
"74,СЕМЕНОВА Анна Евгеньевна,""Бульвар Трудящихся, д. 29/52, литера А, г. Колпино, Санкт-Петербург, 196657"",""2465224, 2465225"",КОЛПИНСКИЙ,Белоусова Татьяна Валерьевна,belousova@zakon.gov.spb.ru"
"75,УСТЮГОВА Галина Валерьевна,""Бульвар Трудящихся, д. 29/52, литера А, г. Колпино, Санкт-Петербург, 196657"",""2465228, 2465229"",КОЛПИНСКИЙ,Белоусова Татьяна Валерьевна,belousova@zakon.gov.spb.ru"
"76,ЧЕРВОНАЯ Татьяна Александровна,""Бульвар Трудящихся, д. 29/52, литера А, г. Колпино, Санкт-Петербург, 196657"",""2465232, 2465233"",КОЛПИНСКИЙ,Белоусова Татьяна Валерьевна,belousova@zakon.gov.spb.ru"
"77, МУШНИКОВА Юлия Андреевна,""Бульвар Трудящихся, д. 29/52, литера А, г. Колпино, Санкт-Петербург, 196657"",""2465236, 2465237"",КОЛПИНСКИЙ,Белоусова Татьяна Валерьевна,belousova@zakon.gov.spb.ru"
"78,ФЕДОРОВИЧ Светлана Сергеевна,""Бульвар Трудящихся, д. 29/52, литера А, г. Колпино, Санкт-Петербург, 196657"",""2465240, 2465241"",КОЛПИНСКИЙ,Белоусова Татьяна Валерьевна,belousova@zakon.gov.spb.ru"
"79,ФИЛИППОВА  Кристина Александровна,""Бульвар Трудящихся, д. 29/52, литера А, г. Колпино, Санкт-Петербург, 196657"",""2465244, 2465245"",КОЛПИНСКИЙ,Белоусова Татьяна Валерьевна,belousova@zakon.gov.spb.ru"
"80,САВЕЛЬЕВА Ольга Владимировна,""Бульвар Трудящихся, д. 29/52, литера А, г. Колпино, Санкт-Петербург, 196657 "",""2465251, 2465249"",КОЛПИНСКИЙ,Белоусова Татьяна Валерьевна,belousova@zakon.gov.spb.ru"
"81,НЕДОСПАСОВА Елена Сергеевна,""пр. Энергетиков, д. 26, литера А, Санкт-Петербург,195248"",""2465904, 2465905"",КРАСНОГВАРДЕЙСКИЙ,Белоусова Татьяна Валерьевна,belousova@zakon.gov.spb.ru"
"82, ,""Индустриальный пр., д. 10, корп.1, литера А, Санкт-Петербург, 195426"",""2413242, 2413299"",КРАСНОГВАРДЕЙСКИЙ,Ястреб Елена Владимировна,yastreb@zakon.gov.spb.ru"
"83,КОЛБАСОВА Людмила Ивановна,""Индустриальный пр., д. 10, корп.1, литера А, Санкт-Петербург, 195426"",""2413243, 2413247"",КРАСНОГВАРДЕЙСКИЙ,Ястреб Елена Владимировна,yastreb@zakon.gov.spb.ru"
"84,КИРПИТА Елена Александровна,""пр. Энергетиков, д. 26, литера А, Санкт-Петербург,195248"",""2465908, 2465909"",КРАСНОГВАРДЕЙСКИЙ,Ястреб Елена Владимировна,yastreb@zakon.gov.spb.ru"
"85,МАЙОРОВ Андрей Федорович,""Индустриальный пр., д. 10, корп.1, литера А, Санкт-Петербург, 195426"",""2413245, 2413245"",КРАСНОГВАРДЕЙСКИЙ,Ястреб Елена Владимировна,yastreb@zakon.gov.spb.ru"
"86,ОСИПОВА Анастасия Сергеевна,""Индустриальный пр., д. 10, корп.1, литера А, Санкт-Петербург, 195426"",""2413246, 2413296"",КРАСНОГВАРДЕЙСКИЙ,Ястреб Елена Владимировна,yastreb@zakon.gov.spb.ru"
"87,КАЙНОВА Юлия Владимировна,""Гранитная ул., д. 28 корп. 2, Санкт-Петербург,195213"",""2466840, 2466841"",КРАСНОГВАРДЕЙСКИЙ,Ястреб Елена Владимировна,yastreb@zakon.gov.spb.ru"
"88,БОЧКОВ  Владимир Александрович,""Якорная ул., д. 6, литера А, Санкт-Петербург,195027"",""2466843, 2466844"",КРАСНОГВАРДЕЙСКИЙ,Ястреб Елена Владимировна,yastreb@zakon.gov.spb.ru"
"89, ПРОПОРЦИОНАЛЬНАЯ Александра Сергеевна,""пр. Энергетиков, д. 26, литера А, Санкт-Петербург,195248"",""2465912, 2465913"",КРАСНОГВАРДЕЙСКИЙ,Ястреб Елена Владимировна,yastreb@zakon.gov.spb.ru"
"90,КЛЮЧЕВСКАЯ Яна Юрьевна,""Индустриальный пр. д. 10 корп.1, литера А, Санкт-Петербург, 195426"",""2413290, 2413298"",КРАСНОГВАРДЕЙСКИЙ,Ястреб Елена Владимировна,yastreb@zakon.gov.spb.ru"
"91,АЛЕКСАНДРОВА  Светлана Александровна,""Индустриальный пр., д. 10, корп.1, литера А, Санкт-Петербург, 195426"",""2413291, 2413297"",КРАСНОГВАРДЕЙСКИЙ,Ястреб Елена Владимировна,yastreb@zakon.gov.spb.ru"
"92,ВОВК Вера Ефимовна,""Индустриальный пр., д. 10, корп.1, литера А, Санкт-Петербург, 195426"",""2413292, 2413292"",КРАСНОГВАРДЕЙСКИЙ,Ястреб Елена Владимировна,yastreb@zakon.gov.spb.ru"
"93,ЖЕЛТУХИНА Нина Михайловна,""Индустриальный пр., д. 10, корп. 1, литера А, Санкт-Петербург, 195426"","", 5205129"",КРАСНОГВАРДЕЙСКИЙ,Ястреб Елена Владимировна,yastreb@zakon.gov.spb.ru"
"94,ПОДКОРЫТОВА Ольга Аркадьевна,""Индустриальный пр., д. 10, корп. 1, литера А, Санкт-Петербург, 195426"",""2413294, 2413294"",КРАСНОГВАРДЕЙСКИЙ,Ястреб Елена Владимировна,yastreb@zakon.gov.spb.ru"
"95,ХАРЕНКО Елена Степановна,""Петергофское шоссе, д. 3, корп. 1, литера В, Санкт-Петербург, 198330"",""2465975, 2465976"",КРАСНОСЕЛЬСКИЙ,Ястреб Елена Владимировна,yastreb@zakon.gov.spb.ru"
"96,ИВАНОВА Марина Александровна,""ул. Партизана Германа, д. 22, литера Б, Санкт-Петербург, 198205"",""2465571, 2465293"",КРАСНОСЕЛЬСКИЙ,Ястреб Елена Владимировна,yastreb@zakon.gov.spb.ru"
"97,БОЙКОВА Анна Васильевна,""ул. Партизана Германа, д. 14/117, Санкт-Петербург, 198205"",""2465955, 2465954"",КРАСНОСЕЛЬСКИЙ,Ястреб Елена Владимировна,yastreb@zakon.gov.spb.ru"
"98,САЛАХОВА Елена Сергеевна,""ул. Партизана Германа, д. 22, литера Б, Санкт-Петербург, 198205"",""2465290, 2465298"",КРАСНОСЕЛЬСКИЙ,Ястреб Елена Владимировна,yastreb@zakon.gov.spb.ru"
"99,ЗАБУРКО Екатерина Николаевна,""ул. Партизана Германа, д. 14/117, Санкт-Петербург, 198205"",""2465958, 7364294"",КРАСНОСЕЛЬСКИЙ,Ястреб Елена Владимировна,yastreb@zakon.gov.spb.ru"
"100,НОВИКОВА Ольга Святославовна,""ул. Партизана Германа, д. 22, литера Б, Санкт-Петербург, 198205"",""2465303, 2465304"",КРАСНОСЕЛЬСКИЙ,Ястреб Елена Владимировна,yastreb@zakon.gov.spb.ru"
"101,ЛЫКОВА  Светлана Александровна,""ул. Тамбасова, д. 27, корп. 2, Санкт-Петербург, 198259"",""2465962, 2465963"",КРАСНОСЕЛЬСКИЙ,Ястреб Елена Владимировна,yastreb@zakon.gov.spb.ru"
"102,ГОРЮНОВА Елена Николаевна,""ул. Тамбасова, д. 27, корп. 2, Санкт-Петербург, 198259"",""2465966, 2465967"",КРАСНОСЕЛЬСКИЙ,Ястреб Елена Владимировна,yastreb@zakon.gov.spb.ru"
"103,ЕГОРОВ Андрей Валерьевич,""ул. Авангардная, д. 47, литера А, Санкт-Петербург, 198205"",""2465980, 2465981"",КРАСНОСЕЛЬСКИЙ,Ястреб Елена Владимировна,yastreb@zakon.gov.spb.ru"
"104,ПЛЕХАНОВА Анна Владимировна,""ул. Партизана Германа, д. 22, литера Б, Санкт-Петербург, 198205"",""2465296, 2465295"",КРАСНОСЕЛЬСКИЙ,Ястреб Елена Владимировна,yastreb@zakon.gov.spb.ru"
"105,АНИСКИН Константин Александрович,""ул. Партизана Германа, д. 22, литера Б, Санкт-Петербург, 198205"",""2465289, 2465300"",КРАСНОСЕЛЬСКИЙ,Ястреб Елена Владимировна,yastreb@zakon.gov.spb.ru"
"106,ИВАНОВ Владислав Сергеевич,""ул. Тамбасова, д. 27, корп. 2, Санкт-Петербург, 198259"",""2465970, 2465971"",КРАСНОСЕЛЬСКИЙ,Ястреб Елена Владимировна,yastreb@zakon.gov.spb.ru"
"107,ПРИТУЖАЛЬНИКОВА Ольга Леонидовна,""п. Горелово, Красносельское шоссе, д. 46, Санкт-Петербург, 198323"",""2465491, 2465492"",КРАСНОСЕЛЬСКИЙ,Ястреб Елена Владимировна,yastreb@zakon.gov.spb.ru"
"108,ПОПОВА Екатерина Анатольевна,""п. Горелово, Красносельское шоссе, д. 46, Санкт-Петербург, 198323"",""4098119, 4098120"",КРАСНОСЕЛЬСКИЙ,Ястреб Елена Владимировна,yastreb@zakon.gov.spb.ru"
"109,ПРОСКУРНИКОВА Светлана Михайловна,""ул. Пролетарская, д. 21-23, г. Кронштадт, Санкт-Петербург,"",""2462650, 2462651"",КРОНШТАДТСКИЙ,Ястреб Елена Владимировна,yastreb@zakon.gov.spb.ru"
"110,КОВИЗИНА Лилия Анатольевна,""ул. Пролетарская, д. 21-23, г. Кронштадт, Санкт-Петербург,"",""2462654, 2462655"",КРОНШТАДТСКИЙ,Ястреб Елена Владимировна,yastreb@zakon.gov.spb.ru"
"111,СИМОНОВА  Ираида Евгеньевна,""ул. Токарева, д. 15, литера А, г. Сестрорецк, Санкт-Петербург,197706"",""2465257, 2465258"",КУРОРТНЫЙ,Ястреб Елена Владимировна,yastreb@zakon.gov.spb.ru"
"112,МОРГУНОВА Светлана Ивановна,""ул. Володарского, д. 1, литера А, г. Сестрорецк, Санкт-Петербург,197706"",""2465255, 2465252"",КУРОРТНЫЙ,Ястреб Елена Владимировна,yastreb@zakon.gov.spb.ru"
"113,САЛЬНИКОВА  Галина Владимировна,""пр. Ленина, д. 18,   г. Зеленогорск, Санкт-Петербург,197720"",""2465262, 2465263"",КУРОРТНЫЙ,Ястреб Елена Владимировна,yastreb@zakon.gov.spb.ru"
"114,ВИНОГРАДОВА Елена Вячеславовна,""Александровская ул., д. 13, г. Ломоносов, Санкт-Петербург, 198412"",""2465986, 2465985"",ПЕТРОДВОРЦОВЫЙ,Ястреб Елена Владимировна,yastreb@zakon.gov.spb.ru"
"115,УРОВА Наталья Григорьевна,""Дворцовый пр., д. 40, г. Ломоносов, Санкт-Петербург, 198412"",""2465991, 2465990"",ПЕТРОДВОРЦОВЫЙ,Ястреб Елена Владимировна,yastreb@zakon.gov.spb.ru"
"116,КОНДРАТЬЕВА  Анастасия Александровна,""Новоизмайловский пр., д. 67, к. 2,  Санкт-Петербург, 196247"",""5739781, 5739779"",МОСКОВСКИЙ,Ястреб Елена Владимировна,yastreb@zakon.gov.spb.ru"
"117,ДОЛА Елена Петровна,""ул. Глеба Успенского, д. 5, литера Б,  Санкт-Петербург, 196084"",""2465324, 2465318"",МОСКОВСКИЙ,Ястреб Елена Владимировна,yastreb@zakon.gov.spb.ru"
"118,КОБЕНКО  Ольга Валентиновна,""Новоизмайловский пр., д. 67, к.2,  Санкт-Петербург, 196247"",""5739780, 2465937"",МОСКОВСКИЙ,Ястреб Елена Владимировна,yastreb@zakon.gov.spb.ru"
"119,БУЯЛО Ирина Олеговна,""ул. Благодатная, д. 34,  Санкт-Петербург,196006"",""2466871, 2466872"",МОСКОВСКИЙ,Ястреб Елена Владимировна,yastreb@zakon.gov.spb.ru"
"120,ПИРОГОВА  Наталья Александровна,""Московский пр., д. 125, литера Б и В,  Санкт-Петербург, 196084"",""2465313, 2465314"",МОСКОВСКИЙ,Ястреб Елена Владимировна,yastreb@zakon.gov.spb.ru"
"121,МИНИНА  Ольга Валериевна,""ул. Глеба Успенского, д. 5, литера Б,  Санкт-Петербург, 196084"",""2465322, 2465498"",МОСКОВСКИЙ,Ястреб Елена Владимировна,yastreb@zakon.gov.spb.ru"
"122,КАРАСЕВА  Наталья Александровна,""ул. Благодатная, д. 34,  Санкт-Петербург,196006"",""2466874, 2466875"",МОСКОВСКИЙ,Ястреб Елена Владимировна,yastreb@zakon.gov.spb.ru"
"123,МАРКОВА   Дарья Александровна,""Московский пр., д. 125, литера Б и В,  Санкт-Петербург, 196084"","", 2465309"",МОСКОВСКИЙ,Ястреб Елена Владимировна,yastreb@zakon.gov.spb.ru"
"124,БОРИСЕНКО  Анна Сергеевна,""Московский пр., д. 125, литера Б и В,  Санкт-Петербург, 196084"",""2465312, 2465311"",МОСКОВСКИЙ,Ястреб Елена Владимировна,yastreb@zakon.gov.spb.ru"
"125,ТАРАСЕВИЧ Юлия Валерьевна,""ул. Глеба Успенского, д. 5, литера Б,  Санкт-Петербург, 196084"",""2465497, 2465320"",МОСКОВСКИЙ,Максимова Юлия Васиельевна,u.maksimova@zakon.gov.spb.ru"
"126,ШАГОВИК Ирина Александровна,""ул. Глеба Успенского, д. 5, литера Б,  Санкт-Петербург, 196084"",""2465323, 2465326"",МОСКОВСКИЙ,Максимова Юлия Васиельевна,u.maksimova@zakon.gov.spb.ru"
"127,АФАНАСЬЕВА Оксана Ивановна,""Московский пр., д. 125, литера Б и В,  Санкт-Петербург, 196084"",""2465306, 2465307"",МОСКОВСКИЙ,Максимова Юлия Васиельевна,u.maksimova@zakon.gov.spb.ru"
"128,АЛЕКСАНДРОВА  Елена Сергеевна,""ул. Благодатная, д. 34,  Санкт-Петербург,196006"",""2466878, 2466880"",МОСКОВСКИЙ,Максимова Юлия Васиельевна,u.maksimova@zakon.gov.spb.ru"
"129,АНДРЕЕВА  Екатерина Валериевна,""ул. Крупской, д. 9, литера А,  Санкт-Петербург, 192029"",""2413913, 2413914"",НЕВСКИЙ,Максимова Юлия Васиельевна,u.maksimova@zakon.gov.spb.ru"
"130,РЫСЮК Валентина Юрьевна,""пр. Обуховской обороны, д. 121,  литера А, Санкт-Петербург,192029"",""2465328, 2465329"",НЕВСКИЙ,Максимова Юлия Васиельевна,u.maksimova@zakon.gov.spb.ru"
"131, ОРЛОВА  Вероника Владимировна,""ул. Крупской, д. 9, литера А,  Санкт-Петербург,192029"",""2413901, 24139022413902"",НЕВСКИЙ,Максимова Юлия Васиельевна,u.maksimova@zakon.gov.spb.ru"
"132,БЕКОВА  Юлия Николаевна,""ул. Крупской, д. 9, литера А,  Санкт-Петербург,192029"",""2413903, 2413904"",НЕВСКИЙ,Максимова Юлия Васиельевна,u.maksimova@zakon.gov.spb.ru"
"133, РАЛДУГИНА  Оксана Геннадьевна,""ул. Крупской, д. 9, литера А,  Санкт-Петербург,192029"",""2413905, 2413906"",НЕВСКИЙ,Максимова Юлия Васиельевна,u.maksimova@zakon.gov.spb.ru"
"134,БАРКАЛОВ  Сергей Васильевич,""ул. Крупской, д. 9, литера А,  Санкт-Петербург,192029"",""2413907, 2413908"",НЕВСКИЙ,Максимова Юлия Васиельевна,u.maksimova@zakon.gov.spb.ru"
"135,ГАБДУЛЛИНА  Анна Рустамовна,""ул. Крупской, д. 9, литера А, Санкт-Петербург,192029"",""2413909, 2413910"",НЕВСКИЙ,Максимова Юлия Васиельевна,u.maksimova@zakon.gov.spb.ru"
"136,ЧЕРНЕЦКАЯ  Майя Станиславовна,""ул. Крупской, д. 9, литера А,  Санкт-Петербург,192029"",""2413911, 2413912"",НЕВСКИЙ,Максимова Юлия Васиельевна,u.maksimova@zakon.gov.spb.ru"
"137,КОНИК  Светлана Владимировна,""пр. Обуховской обороны, д. 121,  литера А, Санкт-Петербург,192029"",""2465331, 2465332"",НЕВСКИЙ,Максимова Юлия Васиельевна,u.maksimova@zakon.gov.spb.ru"
"138,РУСАКОВА  Анастасия Сергеевна,""пр. Обуховской обороны, д. 121,  литера А, Санкт-Петербург,192029"",""2465334, 2465335"",НЕВСКИЙ,Максимова Юлия Васиельевна,u.maksimova@zakon.gov.spb.ru"
"139,УРСЕГОВА  Елизавета Евгеньевна,""ул. Крупской, д. 9, литера А,  Санкт-Петербург,192029"",""2413915, 2413916"",НЕВСКИЙ,Максимова Юлия Васиельевна,u.maksimova@zakon.gov.spb.ru"
"140,ОГАНЕСЯН  Мгер Артурович,""ул. Крупской, д. 9, литера А,  Санкт-Петербург,192029"",""2413917, 2413918"",НЕВСКИЙ,Максимова Юлия Васиельевна,u.maksimova@zakon.gov.spb.ru"
"141,КАМАЛЬДИНОВ Олег Наильевич,""ул. Крупской, д. 9, литера А,  Санкт-Петербург,192029"",""2413919, 2413920"",НЕВСКИЙ,Максимова Юлия Васиельевна,u.maksimova@zakon.gov.spb.ru"
"142,ГВОЗДЕВА-ТРИНК Наталья Александровна,""ул. Крупской, д. 9, литера А,  Санкт-Петербург,192029"",""2413921, 2413922"",НЕВСКИЙ,Максимова Юлия Васиельевна,u.maksimova@zakon.gov.spb.ru"
"143,СИМОНЯН  Артур Мартынович,""ул. Крупской, д. 9, литера А,  Санкт-Петербург,192029"",""2413923, 2413924"",НЕВСКИЙ,Максимова Юлия Васиельевна,u.maksimova@zakon.gov.spb.ru"
"144,БЕРЕЗИНА  Татьяна Викторовна,""ул. Крупской, д. 9, литера А,  Санкт-Петербург,192029"",""2413925, 2413926"",НЕВСКИЙ,Максимова Юлия Васиельевна,u.maksimova@zakon.gov.spb.ru"
"145,СОЛОМАТИНА  Галина Михайловна,""ул. Крупской, д. 9, литера А,  Санкт-Петербург,192029"",""2413927, 2413928"",НЕВСКИЙ,Максимова Юлия Васиельевна,u.maksimova@zakon.gov.spb.ru"
"146,ИВАНОВ Дмитрий Владимирович,""Большая Разночинная ул., д. 23, литера Б, Санкт-Петербург, 197110"",""2465364, 2465493"",ПЕТРОГРАДСКИЙ,Максимова Юлия Васиельевна,u.maksimova@zakon.gov.spb.ru"
"147,БАЙЫР Айзана Юрьевна,""Школьная ул., д. 2, к. 2, зал № 2, г. Пушкин, Санкт-Петербург, 196607"",""2465815, 2413931"",ПУШКИНСКИЙ,Максимова Юлия Васиельевна,u.maksimova@zakon.gov.spb.ru"
"148,РАСКОПИНА   Дарья Витальевна,""ул. Крупской, д. 9, литера А,  Санкт-Петербург,192029"",""2413932, 2413933"",НЕВСКИЙ,Максимова Юлия Васиельевна,u.maksimova@zakon.gov.spb.ru"
"149,ПАВЛОВА Ольга Сергеевна,""ул. Крупской, д. 9, литера А, Санкт-Петербург,192029"",""2413934, 2413935"",НЕВСКИЙ,Максимова Юлия Васиельевна,u.maksimova@zakon.gov.spb.ru"
"150,БОГУЛА Юлия Игоревна,""Школьная ул., д. 23, литера А, г. Пушкин, Санкт-Петербург,196607"",""2465343, 2465349"",ПУШКИНСКИЙ,Максимова Юлия Васиельевна,u.maksimova@zakon.gov.spb.ru"
"151, ДАРИЧЕВА  Любовь Андреевна,""Большая Разночинная ул., д. 23, литера Б, Санкт-Петербург, 197110"","", 2415130"",ПЕТРОГРАДСКИЙ,Максимова Юлия Васиельевна,u.maksimova@zakon.gov.spb.ru"
"152,ПОПОВА Анна Витальевна,""Большая Разночинная ул., д. 23, литера Б, Санкт-Петербург, 197110"",""2465929, 2465928"",ПЕТРОГРАДСКИЙ,Максимова Юлия Васиельевна,u.maksimova@zakon.gov.spb.ru"
"153,ЕРМОЛИНА Елена Константиновна,""Большая Разночинная ул., д. 23, литера Б, Санкт-Петербург, 197110"","", 2415138"",ПЕТРОГРАДСКИЙ,Максимова Юлия Васиельевна,u.maksimova@zakon.gov.spb.ru"
"154,ПРОКОШКИНА Марина Викторовна,""Большая Разночинная ул., д. 23, литера Б, Санкт-Петербург, 197110"",""2465924, 2415134"",ПЕТРОГРАДСКИЙ,Максимова Юлия Васиельевна,u.maksimova@zakon.gov.spb.ru"
"155,БОГДАНОВА Екатерина Олеговна,""Большая Разночинная ул., д. 23, литера Б, Санкт-Петербург, 197110"",""2465933, 2415141"",ПЕТРОГРАДСКИЙ,Максимова Юлия Васиельевна,u.maksimova@zakon.gov.spb.ru"
"156,СТРОМОВА Алина Александровна,""Большая Разночинная ул., д. 23, литера Б, Санкт-Петербург, 197110"",""2415140, 2415135"",ПЕТРОГРАДСКИЙ,Максимова Юлия Васиельевна,u.maksimova@zakon.gov.spb.ru"
"157,ГРИГОРЬЕВА Галина Андреевна,""ул. Фронтовая, д. 7, п. Стрельна, Санкт-Петербург, 198515"",""2466852, 2466853"",ПЕТРОДВОРЦОВЫЙ,Максимова Юлия Васиельевна,u.maksimova@zakon.gov.spb.ru"
"158,ГОРБАЧЕВА Анна Владимировна,""Бульвар Разведчика, д. 10, к. 3, г. Петродворец, Санкт-Петербург, 198516"",""2465995, 2465996"",ПЕТРОДВОРЦОВЫЙ,Максимова Юлия Васиельевна,u.maksimova@zakon.gov.spb.ru"
"159,СКОРОМНИКОВА  Мария Олеговна,""ул. Ботаническая, д. 18, корп. 4, г. Петродворец, Санкт-Петербург, 198504"",""2466802, 2466800"",ПЕТРОДВОРЦОВЫЙ,Максимова Юлия Васиельевна,u.maksimova@zakon.gov.spb.ru"
"160,ФЕДОТОВА  Татьяна Александровна,""Сердобольская ул., д.73/27, литера А, Санкт-Петербург,197342"",""24652802465281, 2465282"",ПРИМОРСКИЙ,Максимова Юлия Васиельевна,u.maksimova@zakon.gov.spb.ru"
"161, ГОЛУБЕВА  Ольга Рудольфовна,""Омская ул., д.21, литера А, Санкт-Петербург,197343"",""4922736, 2465201"",ПРИМОРСКИЙ,Максимова Юлия Васиельевна,u.maksimova@zakon.gov.spb.ru"
"162,ВАСИЛЬЕВА Ирина Анатольевна,""  ул. Долгоозерная, д.3, корп.2, литера А,  Санкт-Петербург, 197373 "",""2465267, 4098479"",ПРИМОРСКИЙ,Максимова Юлия Васиельевна,u.maksimova@zakon.gov.spb.ru"
"163,ФРУНЗЕ Юлия Михайловна,"" Омская ул., д.21, литера А, Санкт-Петербург,197343 "",""2465208, 2465209"",ПРИМОРСКИЙ,Максимова Юлия Васиельевна,u.maksimova@zakon.gov.spb.ru"
"164,ДВОРЯНИНОВА Елена Евгеньевна,""  Сердобольская ул., д.73/27, литера А, Санкт-Петербург,197342 "",""2465288, 4961948"",ПРИМОРСКИЙ,Максимова Юлия Васиельевна,u.maksimova@zakon.gov.spb.ru"
"165,РЕВВА Ольга Владимировна,""  Сердобольская ул., д.73/27, литера А, Санкт-Петербург,197342 "",2465283,ПРИМОРСКИЙ,Максимова Юлия Васиельевна,u.maksimova@zakon.gov.spb.ru"
"166,ДЕМЧЕНКО  Светлана Станиславовна,""  ул. Долгоозерная, д. 3, корп. 2, литера А, Санкт-Петербург, 197373 "",""2465268, 2465269"",ПРИМОРСКИЙ,Максимова Юлия Васиельевна,u.maksimova@zakon.gov.spb.ru"
"167,ЛЬВОВА Олеся Абдулгасановна,""  ул. Маршала Новикова, д. 13, лит. А,  Санкт-Петербург, 197349"",""2460720, 2460721"",ПРИМОРСКИЙ,Максимова Юлия Васиельевна,u.maksimova@zakon.gov.spb.ru"
"168,ЧУРБАСОВА  Виктория Сергеевна,"" Серебристый бульвар, д. 13, корп. 1,  литера А, Санкт-Петербург, 197227 "",""2465275, 2465274"",ПРИМОРСКИЙ,Костыгов Алексей Анатольевич,kostygov@zakon.gov.spb.ru"
"169,ЧЕРНЯВСКАЯ Елена Александровна,""  Богатырский пр., д. 57, корп. 1, литера Б,  Санкт-Петербург, 197372"",""2465276, 2465278"",ПРИМОРСКИЙ,Костыгов Алексей Анатольевич,kostygov@zakon.gov.spb.ru"
"170,АНДРЕЕВА Алина Владимировна,"" Омская ул., д. 21, литера А,  Санкт-Петербург, 197343"",""2465214, 2465215"",ПРИМОРСКИЙ,Костыгов Алексей Анатольевич,kostygov@zakon.gov.spb.ru"
"171,КАЛАШНИКОВА Светлана Алексеевна,""  пр. Королева, д. 44, корп. 2, литера А, "",""2466815, 2466816"",ПРИМОРСКИЙ,Костыгов Алексей Анатольевич,kostygov@zakon.gov.spb.ru"
"172,ТРИШИНА Любовь Александровна,""Омская ул., д. 21, литера А, Санкт-Петербург, 197343"",""2465213, 2465204"",ПРИМОРСКИЙ,Костыгов Алексей Анатольевич,kostygov@zakon.gov.spb.ru"
"173,ГУСЕВА Елена Викторовна,""ул. Маршала Новикова, д. 13, лит. А, Санкт-Петербург, 197349"",""2460723, 2460724"",ПРИМОРСКИЙ,Костыгов Алексей Анатольевич,kostygov@zakon.gov.spb.ru"
"174,БОБРОВА Ольга Андреевна,""Омская ул., д. 21, литера А, Санкт-Петербург, 197343"",""2465217, 2465218"",ПРИМОРСКИЙ,Костыгов Алексей Анатольевич,kostygov@zakon.gov.spb.ru"
"175,МОРОЗОВА Василина Анатольевна,""Омская ул., д. 21, литера А, Санкт-Петербург, 197343"",""4928005, 2465420"",ПРИМОРСКИЙ,Костыгов Алексей Анатольевич,kostygov@zakon.gov.spb.ru"
"176,КАРАМОВА Марта Рамиковна,""Школьная ул., д. 23, литера А, г. Пушкин, Санкт-Петербург,196607"",""2466861, 2465346"",ПУШКИНСКИЙ,Костыгов Алексей Анатольевич,kostygov@zakon.gov.spb.ru"
"177,ИЛЬИНА Ирина Львовна,""Школьная ул., д. 23, литера А, г. Пушкин, Санкт-Петербург,196607"",""2465349, 2466862"",ПУШКИНСКИЙ,Костыгов Алексей Анатольевич,kostygov@zakon.gov.spb.ru"
"178,ГУЧИНСКИЙ Игорь Иванович,""Школьная ул., д. 23, литера А, г. Пушкин, Санкт-Петербург,196607"",""2465353, 2465354"",ПУШКИНСКИЙ,Костыгов Алексей Анатольевич,kostygov@zakon.gov.spb.ru"
"179,ГИРИНА Елена Николаевна,""Школьная ул., д. 23, литера А, г. Пушкин, Санкт-Петербург,196607"",""2466864, 2465340"",ПУШКИНСКИЙ,Костыгов Алексей Анатольевич,kostygov@zakon.gov.spb.ru"
"180,ЯКИМОВА  Людмила Владимировна,""Школьная ул., д. 23, литера А, г. Пушкин, Санкт-Петербург,196607"",""2465342, 2465338"",ПУШКИНСКИЙ,Костыгов Алексей Анатольевич,kostygov@zakon.gov.spb.ru"
"181,БУРВЯШОВА Виктория Викторовна,""ул. Самойловой, д. 12, Санкт-Петербург, 192102"",""2465402, 2465403"",ФРУНЗЕНСКИЙ,Костыгов Алексей Анатольевич,kostygov@zakon.gov.spb.ru"
"182,ДОБРЯНЦЕВА Оксана Анатольевна,""ул. Самойловой, д. 12, Санкт-Петербург, 192102"",""2465404, 2465405"",ФРУНЗЕНСКИЙ,Костыгов Алексей Анатольевич,kostygov@zakon.gov.spb.ru"
"183,ЛОБАНОВ Евгений Владимирович,""ул. Самойловой, д. 12, Санкт-Петербург, 192102"",""2465406, 2465407"",ФРУНЗЕНСКИЙ,Костыгов Алексей Анатольевич,kostygov@zakon.gov.spb.ru"
"184,СЕРДЮКОВА Юлия Сергеевна,""ул. Самойловой, д. 12, Санкт-Петербург, 192102"",""2465409, 2465410"",ФРУНЗЕНСКИЙ,Костыгов Алексей Анатольевич,kostygov@zakon.gov.spb.ru"
"185,СОНИНА Мария Николаевна,""ул. Самойловой, д. 12, Санкт-Петербург, 192102"",""2465414, 2465413"",ФРУНЗЕНСКИЙ,Костыгов Алексей Анатольевич,kostygov@zakon.gov.spb.ru"
"186,КОРОГОДОВ Дмитрий Анатольевич,""ул. Самойловой, д. 12, Санкт-Петербург, 192102"",""2465415, 2465416"",ФРУНЗЕНСКИЙ,Костыгов Алексей Анатольевич,kostygov@zakon.gov.spb.ru"
"187,БЕВЗА Данил Михайлович,""ул. Самойловой, д. 12, Санкт-Петербург, 192102"",""2465418, 2465419"",ФРУНЗЕНСКИЙ,Костыгов Алексей Анатольевич,kostygov@zakon.gov.spb.ru"
"188,УШАРНОВА Марина Игоревна,""ул. Самойловой, д. 12, Санкт-Петербург, 192102"",""2465422, 2465423"",ФРУНЗЕНСКИЙ,Костыгов Алексей Анатольевич,kostygov@zakon.gov.spb.ru"
"189,ГОРЯЧЕВ Дмитрий Владимирович,""ул. Самойловой, д. 12, Санкт-Петербург, 192102"",""2465450, 2465425"",ФРУНЗЕНСКИЙ,Костыгов Алексей Анатольевич,kostygov@zakon.gov.spb.ru"
"190,ЛЕБЕДЕВА Софья Леовна,""ул. Самойловой, д. 12, Санкт-Петербург, 192102"",""2465427, 2465428"",ФРУНЗЕНСКИЙ,Костыгов Алексей Анатольевич,kostygov@zakon.gov.spb.ru"
"191,РУНОВ Дмитрий Юрьевич,""ул. Самойловой, д.12, Санкт-Петербург, 192102"",""2465453, 2465454"",ФРУНЗЕНСКИЙ,Костыгов Алексей Анатольевич,kostygov@zakon.gov.spb.ru"
"192,БЛАЖНОВ  Александр Александрович,""ул. Самойловой, д. 12, Санкт-Петербург, 192102"",""2465451, 2465452"",ФРУНЗЕНСКИЙ,Костыгов Алексей Анатольевич,kostygov@zakon.gov.spb.ru"
"193,КУРСКИЙ Анатолий Алексеевич,""ул. Самойловой, д. 12, Санкт-Петербург, 192102"",""2465435, 2465434"",ФРУНЗЕНСКИЙ,Костыгов Алексей Анатольевич,kostygov@zakon.gov.spb.ru"
"194,ТАРАСЕНКО Егор Анатольевич,""ул. Самойловой, д. 12, Санкт-Петербург, 192102"",""2465455, 2465437"",ФРУНЗЕНСКИЙ,Костыгов Алексей Анатольевич,kostygov@zakon.gov.spb.ru"
"195,ЛИТВИН  Виктория Юрьевна,""ул. Самойловой, д. 12, Санкт-Петербург, 192102"",""2465439, 2465440"",ФРУНЗЕНСКИЙ,Костыгов Алексей Анатольевич,kostygov@zakon.gov.spb.ru"
"196,ФЕДОРОВА Жанна Анатольевна,""ул. Самойловой, д. 12, Санкт-Петербург, 192102"",2465442,ФРУНЗЕНСКИЙ,Костыгов Алексей Анатольевич,kostygov@zakon.gov.spb.ru"
"197,ГАВРИКОВ Сергей Николаевич,""ул. Самойловой, д. 12, Санкт-Петербург, 192102"",""2465444, 2465445"",ФРУНЗЕНСКИЙ,Костыгов Алексей Анатольевич,kostygov@zakon.gov.spb.ru"
"198,ЕГИОЯ Дмитрий Валерьевич,""ул. Самойловой, д. 12, Санкт-Петербург, 192102"",""2465447, 2465448"",ФРУНЗЕНСКИЙ,Костыгов Алексей Анатольевич,kostygov@zakon.gov.spb.ru"
"199,МАРДОЯН  Анастасия Евгеньевна,""Невский пр., д. 84-86, литера Б,  Санкт-Петербург, 191025"",""2465809, 7196297"",ЦЕНТРАЛЬНЫЙ,Костыгов Алексей Анатольевич,kostygov@zakon.gov.spb.ru"
"200,КРАСОТКИНА  Елена Владимировна,""пр. Чернышевского, д. 17, литера А,  Санкт-Петербург, 191123"",""4172010, 4172009"",ЦЕНТРАЛЬНЫЙ,Костыгов Алексей Анатольевич,kostygov@zakon.gov.spb.ru"
"201,ЯНЧУКОВ  Дмитрий Анатольевич,""ул. Чайковского, д. 4, литера А,  Санкт-Петербург, 191028"",2465806,ЦЕНТРАЛЬНЫЙ,Костыгов Алексей Анатольевич,kostygov@zakon.gov.spb.ru"
"202,ГЛАЗКОВА Татьяна Александровна,""Лиговский пр., д. 56, литера Е,  Санкт-Петербург, 191040"",""2465803, 2465802"",ЦЕНТРАЛЬНЫЙ,Костыгов Алексей Анатольевич,kostygov@zakon.gov.spb.ru"
"203,КУЗНЕЦОВ  Алексей Валерьевич,""наб. реки Фонтанки, д. 76, лит. В,  Санкт-Петербург, 191180"",""2466893, 2466894"",ЦЕНТРАЛЬНЫЙ,Костыгов Алексей Анатольевич,kostygov@zakon.gov.spb.ru"
"204, ЧАЛИГАВА   Нелли Романозовна,""ул. Красного Текстильщика, д. 9/11,  литера А, пом. 14Н, Санкт-Петербург, 191124"",""5766538, 5766524"",ЦЕНТРАЛЬНЫЙ,Костыгов Алексей Анатольевич,kostygov@zakon.gov.spb.ru"
"205,ПОЛУНИНА  Ольга Николаевна,""ул. Красного Текстильщика, д. 9/11,  литера А, пом. 14Н, Санкт-Петербург, 191124"",""5766587, 5766542"",ЦЕНТРАЛЬНЫЙ,Костыгов Алексей Анатольевич,kostygov@zakon.gov.spb.ru"
"206,ЕСЮТИН  Роман Валерьевич,""наб. реки Фонтанки, д. 76, лит. В,  Санкт-Петербург, 191180"",""2466897, 2466898"",ЦЕНТРАЛЬНЫЙ,Костыгов Алексей Анатольевич,kostygov@zakon.gov.spb.ru"
"207,КУСТАНОВИЧ  Жанна Евгеньевна,""4-я Советская ул., д. 26, литера А, Санкт-Петербург, 191036"",""2413287, 7102986"",ЦЕНТРАЛЬНЫЙ,Костыгов Алексей Анатольевич,kostygov@zakon.gov.spb.ru"
"208,ПАЛЬЯНОВА Анна Владимировна,"" 4-я Советская ул., д. 26, литера А,  Санкт-Петербург, 191036"",""2413288, 2413284"",ЦЕНТРАЛЬНЫЙ,Костыгов Алексей Анатольевич,kostygov@zakon.gov.spb.ru"
"209,НАСИННЫК Карина Александровна,""4-я Советская ул., д. 26, литера А, Санкт-Петербург, 191036"",""2413286, 2413285"",ЦЕНТРАЛЬНЫЙ,Костыгов Алексей Анатольевич,kostygov@zakon.gov.spb.ru"
"210,БАРАНОВА Елена Владимировна,""4-я Советская ул., д. 26, литера А, Санкт-Петербург, 191036"",""2413280, 2413282"",ЦЕНТРАЛЬНЫЙ,Костыгов Алексей Анатольевич,kostygov@zakon.gov.spb.ru"
"211,РОДИОНОВА Вероника Викторовна,""4-я Советская ул., д. 26, литера А, Санкт-Петербург, 191036"",""2413281, 2413283"",ЦЕНТРАЛЬНЫЙ,Костыгов Алексей Анатольевич,kostygov@zakon.gov.spb.ru"
